id,Neural Network,Linear,Random Forest,Gradient Boosting,Adaboost,SVR,K Neighbors,Decision Tree,Naive Bayes
2190,0.93,1.07,0.94,0.95,0.86,0.82,1.0,0.88,1
2191,0.93,1.07,0.94,0.95,0.86,0.89,1.0,0.88,1
2192,0.93,0.9,0.89,0.9,0.86,0.9,1.0,0.86,1
2193,0.23,0.18,0.23,0.23,0.33,0.07,0.11,0.06,0
2194,0.23,0.08,0.13,0.09,0.33,-0.25,0.11,0.06,0
2195,0.92,0.88,0.83,0.83,0.78,0.89,0.79,0.86,1
2196,0.93,0.96,0.88,0.9,0.83,0.88,0.83,0.88,1
2197,0.93,1.0,0.94,0.95,0.86,0.71,1.0,0.88,1
2198,0.93,1.0,0.92,0.93,0.86,0.82,0.9,0.88,1
2199,0.69,0.7,0.78,0.82,0.78,0.83,0.84,0.86,0
2200,0.93,1.08,0.94,0.95,0.86,0.91,1.0,0.88,1
2201,0.23,0.17,0.12,0.08,0.33,-0.07,0.06,0.06,0
2202,0.93,1.06,0.94,0.95,0.86,0.86,1.0,0.88,1
2203,0.84,0.92,0.94,0.95,0.86,0.81,1.0,0.88,1
2204,0.23,0.4,0.32,0.37,0.33,0.37,0.56,0.06,0
2205,0.23,-0.27,0.1,0.05,0.06,-0.13,0.0,0.06,0
2206,0.69,0.7,0.86,0.9,0.86,0.65,0.94,0.86,1
2207,0.69,0.62,0.77,0.82,0.39,0.71,0.89,0.86,1
2208,0.23,0.13,0.11,0.06,0.33,-0.08,0.0,0.06,0
2209,0.23,-0.26,0.09,0.05,0.06,-0.11,0.0,0.06,0
2210,0.23,0.14,0.16,0.14,0.33,0.08,0.06,0.06,0
2211,0.23,0.29,0.23,0.25,0.33,0.07,0.05,0.88,0
2212,0.74,0.78,0.78,0.87,0.7,0.87,0.79,0.48,1
2213,0.93,1.08,0.94,0.95,0.86,0.89,1.0,0.88,1
2214,0.69,0.85,0.9,0.87,0.86,0.55,0.94,0.88,1
2215,0.68,0.54,0.55,0.55,0.43,0.25,0.61,0.88,0
2216,0.23,-0.17,0.18,0.11,0.06,-0.19,0.0,0.06,0
2217,0.93,1.04,0.94,0.95,0.86,0.93,1.0,0.88,1
2218,0.69,0.87,0.93,0.91,0.86,0.71,0.96,0.88,1
2219,0.69,0.54,0.6,0.57,0.43,0.25,0.7,0.88,1
2220,0.93,0.93,0.93,0.94,0.86,0.81,0.93,0.88,1
2221,0.93,0.95,0.94,0.94,0.86,0.88,0.95,0.88,1
2222,0.69,0.8,0.9,0.86,0.86,0.64,0.73,0.88,1
2223,0.93,1.0,0.93,0.92,0.86,0.95,1.0,0.88,1
2224,0.69,0.83,0.91,0.9,0.86,0.78,0.71,0.88,1
2225,0.92,0.9,0.93,0.95,0.86,0.91,0.87,0.88,1
2226,0.23,0.3,0.46,0.45,0.42,0.21,0.17,0.88,0
2227,0.93,0.89,0.89,0.92,0.83,0.81,0.82,0.88,1
2228,0.69,0.77,0.83,0.86,0.78,0.87,0.73,0.88,1
2229,0.69,0.86,0.91,0.93,0.86,0.72,0.94,0.88,1
2230,0.7,0.84,0.84,0.84,0.81,0.68,0.84,0.88,1
2231,0.69,0.87,0.91,0.92,0.86,0.71,0.77,0.88,1
2232,0.23,0.15,0.17,0.13,0.33,0.01,0.08,0.17,0
2233,0.93,0.89,0.87,0.89,0.82,0.92,0.95,0.88,1
2234,0.93,0.88,0.91,0.91,0.86,0.91,0.93,0.88,1
2235,0.23,0.26,0.22,0.17,0.33,-0.03,0.37,0.17,0
2236,0.23,0.25,0.25,0.23,0.4,0.06,0.42,0.17,0
2237,0.93,0.97,0.94,0.95,0.86,0.91,1.0,0.88,1
2238,0.23,0.35,0.21,0.23,0.33,0.11,0.22,0.54,0
2239,0.69,0.78,0.83,0.84,0.74,0.96,0.94,0.88,1
2240,0.93,0.99,0.91,0.92,0.86,0.84,0.89,0.86,1
2241,0.93,1.08,0.94,0.95,0.86,0.94,1.0,0.88,1
2242,0.93,1.1,0.94,0.95,0.86,0.95,1.0,0.88,1
2243,0.93,0.99,0.93,0.95,0.86,0.8,0.9,0.88,1
2244,0.93,1.04,0.94,0.95,0.86,0.9,1.0,0.88,1
2245,0.93,1.03,0.94,0.95,0.86,0.86,1.0,0.88,1
2246,0.93,0.94,0.94,0.96,0.86,0.83,1.0,0.88,1
2247,0.69,0.9,0.93,0.92,0.86,0.78,0.8,0.88,1
2248,0.93,0.94,0.9,0.92,0.83,0.95,0.94,0.88,1
2249,0.93,0.96,0.94,0.94,0.86,0.82,1.0,0.88,1
2250,0.69,0.83,0.89,0.85,0.86,0.45,0.86,0.88,1
2251,0.93,0.98,0.94,0.95,0.86,0.91,1.0,0.88,1
2252,0.93,0.99,0.94,0.94,0.86,0.85,1.0,0.88,1
2253,0.71,0.8,0.86,0.87,0.78,0.83,0.81,0.88,1
2254,0.38,0.57,0.53,0.52,0.33,0.51,0.51,0.88,1
2255,0.32,0.45,0.34,0.3,0.33,0.09,0.33,0.54,0
2256,0.23,0.13,0.18,0.13,0.06,-0.01,0.06,0.17,0
2257,0.7,0.86,0.86,0.88,0.74,0.96,0.94,0.88,1
2258,0.69,0.88,0.92,0.88,0.86,0.66,0.86,0.88,1
2259,0.23,0.07,0.26,0.3,0.06,0.29,0.07,0.88,0
2260,0.93,1.11,0.94,0.95,0.86,0.9,1.0,0.88,1
2261,0.93,0.9,0.84,0.85,0.81,1.04,0.84,0.88,1
2262,0.93,0.94,0.92,0.93,0.86,0.9,0.84,0.88,1
2263,0.93,0.98,0.93,0.92,0.86,0.75,0.84,0.88,1
2264,0.93,0.99,0.94,0.94,0.86,0.99,0.95,0.88,1
2265,0.74,0.96,0.92,0.92,0.86,0.68,0.94,0.88,1
2266,0.72,0.89,0.93,0.92,0.86,0.86,0.9,0.88,1
2267,0.93,1.04,0.94,0.95,0.86,0.86,0.94,0.88,1
2268,0.23,0.38,0.37,0.27,0.41,0.34,0.46,0.88,0
2269,0.93,0.94,0.95,0.95,0.86,0.91,1.0,0.88,1
2270,0.9,0.9,0.93,0.93,0.86,0.75,1.0,0.88,1
2271,0.93,1.02,0.94,0.96,0.86,0.93,0.95,0.88,1
2272,0.23,0.33,0.47,0.44,0.49,0.12,0.49,0.88,0
2273,0.75,0.91,0.92,0.92,0.86,0.6,0.87,0.88,1
2274,0.92,0.96,0.93,0.94,0.86,0.91,1.0,0.88,1
2275,0.93,0.97,0.93,0.93,0.86,0.89,0.93,0.88,1
2276,0.93,0.97,0.94,0.94,0.86,0.84,0.85,0.88,1
2277,0.7,0.87,0.92,0.91,0.86,0.64,0.86,0.88,1
2278,0.93,1.0,0.94,0.94,0.86,0.76,0.93,0.88,1
2279,0.93,0.92,0.94,0.94,0.86,0.78,0.94,0.88,1
2280,0.7,0.89,0.92,0.9,0.86,0.64,1.0,0.88,1
2281,0.93,0.94,0.94,0.95,0.86,0.77,0.87,0.88,1
2282,0.93,0.95,0.93,0.93,0.86,0.88,0.94,0.88,1
2283,0.93,0.94,0.92,0.92,0.86,0.74,0.93,0.88,1
2284,0.93,0.98,0.94,0.94,0.86,0.95,1.0,0.88,1
2285,0.93,0.99,0.94,0.96,0.86,0.98,0.94,0.88,1
2286,0.93,1.02,0.94,0.96,0.9,0.97,1.0,0.88,1
2287,0.7,0.87,0.91,0.91,0.86,0.64,0.93,0.88,1
2288,0.93,0.88,0.91,0.93,0.86,0.8,0.94,0.88,1
2289,0.69,0.71,0.83,0.78,0.63,0.51,0.93,0.88,1
2290,0.93,1.01,0.94,0.96,0.9,0.84,0.94,0.88,1
2291,0.7,0.87,0.91,0.9,0.86,0.6,1.0,0.88,1
2292,0.69,0.74,0.84,0.76,0.67,0.66,1.0,0.88,1
2293,0.93,1.04,0.94,0.96,0.87,0.91,0.94,0.88,1
2294,0.93,0.97,0.88,0.89,0.84,0.78,1.0,0.88,1
2295,0.7,0.91,0.92,0.93,0.86,0.53,0.95,0.88,1
2296,0.93,0.99,0.93,0.95,0.86,0.88,1.0,0.88,1
2297,0.9,0.91,0.88,0.88,0.83,0.75,1.0,0.88,1
2298,0.93,1.03,0.94,0.96,0.9,0.88,1.0,0.88,1
2299,0.69,0.83,0.92,0.91,0.86,0.79,0.94,0.88,1
2300,0.93,0.97,0.94,0.95,0.86,0.72,1.0,0.88,1
2301,0.69,0.7,0.79,0.81,0.63,0.45,0.93,0.88,1
2302,0.7,0.81,0.79,0.81,0.63,0.71,1.0,0.88,1
2303,0.93,1.06,0.94,0.96,0.87,0.97,1.0,0.88,1
2304,0.93,0.97,0.94,0.96,0.86,0.89,1.0,0.88,1
2305,0.7,0.86,0.91,0.91,0.86,0.68,0.91,0.88,1
2306,0.93,0.95,0.93,0.94,0.86,0.91,0.85,0.88,1
2307,0.86,0.88,0.91,0.91,0.86,0.67,1.0,0.88,1
2308,0.86,0.88,0.93,0.94,0.86,0.86,0.94,0.88,1
2309,0.93,0.96,0.92,0.92,0.86,0.7,1.0,0.88,1
2310,0.69,0.61,0.62,0.57,0.49,0.26,0.8,0.54,0
2311,0.84,0.84,0.82,0.85,0.67,0.76,0.85,0.88,1
2312,0.69,0.74,0.86,0.84,0.79,0.42,1.0,0.88,1
2313,0.33,0.45,0.48,0.38,0.42,0.07,0.78,0.54,0
2314,0.93,0.94,0.86,0.87,0.81,0.73,0.94,0.88,1
2315,0.58,0.57,0.65,0.62,0.74,0.39,0.93,0.88,1
2316,0.93,1.05,0.94,0.96,0.9,1.02,1.0,0.88,1
2317,0.93,1.02,0.94,0.95,0.9,1.0,1.0,0.88,1
2318,0.93,1.01,0.94,0.94,0.9,0.83,1.0,0.88,1
2319,0.92,0.92,0.88,0.88,0.83,0.81,1.0,0.88,1
2320,0.93,0.95,0.91,0.93,0.86,0.78,1.0,0.88,1
2321,0.93,0.96,0.93,0.96,0.86,0.91,1.0,0.88,1
2322,0.69,0.68,0.74,0.73,0.74,0.35,0.87,0.88,0
2323,0.93,0.97,0.89,0.92,0.84,0.92,1.0,0.88,1
2324,0.93,1.08,0.93,0.97,0.9,0.9,1.0,0.88,1
2325,0.93,0.89,0.9,0.94,0.86,0.77,0.82,0.88,1
2326,0.93,1.04,0.93,0.95,0.87,0.95,1.0,0.88,1
2327,0.93,1.05,0.93,0.95,0.86,0.9,1.0,0.88,1
2328,0.93,1.01,0.94,0.96,0.86,0.91,1.0,0.88,1
2329,0.93,1.09,0.94,0.96,0.9,0.94,1.0,0.88,1
2330,0.93,1.07,0.93,0.97,0.9,0.91,0.95,0.88,1
2331,0.69,0.76,0.65,0.6,0.86,0.12,0.94,0.54,1
2332,0.23,0.11,0.16,0.22,0.21,-0.1,0.0,0.17,0
2333,0.93,0.95,0.92,0.95,0.86,0.89,0.95,0.88,1
2334,0.93,1.08,0.94,0.95,0.9,0.96,0.94,0.88,1
2335,0.93,1.13,0.93,0.95,0.87,0.92,1.0,0.88,1
2336,0.93,1.07,0.94,0.96,0.9,1.01,1.0,0.88,1
2337,0.23,0.34,0.27,0.27,0.39,-0.02,0.09,0.17,0
2338,0.93,1.01,0.93,0.95,0.86,0.84,0.86,0.88,1
2339,0.69,0.65,0.57,0.55,0.49,0.3,0.44,0.54,0
2340,0.93,1.11,0.88,0.85,0.87,0.73,0.82,0.88,1
2341,0.69,0.82,0.9,0.9,0.86,0.48,0.82,0.88,1
2342,0.93,0.97,0.92,0.93,0.86,0.85,0.91,0.88,1
2343,0.23,0.44,0.33,0.32,0.39,0.1,0.47,0.54,0
2344,0.69,0.89,0.9,0.9,0.86,0.52,0.87,0.88,1
2345,0.69,0.8,0.83,0.83,0.67,0.44,0.82,0.88,1
2346,0.89,0.82,0.73,0.77,0.68,0.94,0.72,0.88,1
2347,0.69,0.83,0.86,0.88,0.79,0.53,0.95,0.88,1
2348,0.69,0.83,0.89,0.91,0.86,0.67,1.0,0.88,1
2349,0.69,0.85,0.89,0.91,0.86,0.51,1.0,0.88,1
2350,0.69,0.81,0.9,0.92,0.86,0.5,0.82,0.88,1
2351,0.93,0.93,0.91,0.93,0.86,0.77,0.92,0.88,1
2352,0.23,0.3,0.28,0.29,0.4,0.03,0.52,0.17,0
2353,0.23,0.4,0.32,0.33,0.39,0.07,0.55,0.17,0
2354,0.23,0.28,0.23,0.23,0.33,0.08,0.14,0.17,0
2355,0.69,0.56,0.54,0.5,0.67,0.1,0.66,0.54,0
2356,0.69,0.85,0.89,0.9,0.86,0.51,0.94,0.88,1
2357,0.79,0.92,0.91,0.92,0.86,0.78,0.81,0.88,1
2358,0.93,0.94,0.92,0.92,0.86,0.83,1.0,0.88,1
2359,0.23,0.3,0.28,0.29,0.21,-0.02,0.25,0.17,0
2360,0.82,0.86,0.91,0.95,0.83,1.0,0.86,0.88,1
2361,0.69,0.62,0.64,0.59,0.67,0.23,0.86,0.54,0
2362,0.87,0.94,0.91,0.94,0.87,0.53,0.94,0.88,1
2363,0.67,0.42,0.44,0.53,0.49,0.11,0.46,0.17,0
2364,0.89,0.89,0.91,0.92,0.86,0.53,1.0,0.88,1
2365,0.93,1.06,0.94,0.97,0.9,0.99,1.0,0.88,1
2366,0.93,0.98,0.93,0.94,0.86,0.89,0.94,0.88,1
2367,0.93,1.03,0.93,0.97,0.9,1.05,1.0,0.88,1
2368,0.93,1.01,0.93,0.95,0.87,0.83,0.92,0.88,1
2369,0.69,0.81,0.8,0.83,0.86,0.35,1.0,0.54,1
2370,0.93,0.94,0.93,0.93,0.92,0.75,1.0,0.88,1
2371,0.69,0.82,0.9,0.92,0.86,0.59,0.95,0.88,1
2372,0.23,0.27,0.25,0.24,0.21,0.06,0.27,0.17,0
2373,0.93,1.0,0.91,0.91,0.9,0.97,1.0,0.88,1
2374,0.69,0.63,0.57,0.53,0.67,0.28,0.77,0.54,0
2375,0.69,0.51,0.63,0.68,0.62,0.4,0.55,0.88,0
2376,0.23,0.31,0.33,0.33,0.21,0.24,0.27,0.17,0
2377,0.7,0.86,0.89,0.91,0.86,0.49,0.94,0.88,1
2378,0.93,1.05,0.94,0.96,0.9,1.05,1.0,0.88,1
2379,0.69,0.77,0.83,0.85,0.67,0.55,0.89,0.88,1
2380,0.69,0.8,0.89,0.92,0.86,0.54,0.76,0.88,1
2381,0.69,0.79,0.87,0.9,0.67,0.62,0.82,0.88,1
2382,0.69,0.66,0.7,0.72,0.67,0.38,0.67,0.54,0
2383,0.23,0.16,0.2,0.18,0.21,0.15,0.23,0.17,0
2384,0.69,0.65,0.54,0.51,0.67,0.08,0.6,0.54,0
2385,0.23,0.39,0.54,0.58,0.57,0.3,0.39,0.88,0
2386,0.23,0.34,0.27,0.27,0.39,0.1,0.58,0.17,0
2387,0.69,0.62,0.62,0.58,0.49,0.4,0.78,0.54,0
2388,0.69,0.78,0.81,0.81,0.74,0.44,0.89,0.88,1
2389,0.23,0.37,0.27,0.22,0.39,0.03,0.44,0.54,0
2390,0.23,0.38,0.28,0.29,0.39,0.2,0.52,0.17,0
2391,0.93,0.9,0.87,0.87,0.86,0.67,0.84,0.88,1
2392,0.23,0.47,0.39,0.27,0.4,0.01,0.54,0.54,0
2393,0.92,0.87,0.81,0.82,0.81,0.7,0.71,0.88,1
2394,0.93,0.96,0.91,0.93,0.86,0.78,0.82,0.88,1
2395,0.23,0.41,0.4,0.44,0.49,0.12,0.42,0.17,0
2396,0.93,1.01,0.94,0.95,0.86,0.87,0.81,0.88,1
2397,0.73,0.88,0.9,0.92,0.86,0.47,0.83,0.88,1
2398,0.69,0.54,0.67,0.67,0.57,0.34,0.41,0.88,0
2399,0.69,0.57,0.57,0.54,0.67,0.13,0.84,0.54,0
2400,0.69,0.71,0.81,0.81,0.67,0.48,0.82,0.88,1
2401,0.69,0.61,0.61,0.58,0.49,0.4,0.76,0.54,0
2402,0.69,0.76,0.84,0.79,0.63,0.82,0.88,0.88,1
2403,0.69,0.81,0.85,0.85,0.79,0.53,0.94,0.88,1
2404,0.93,1.03,0.93,0.95,0.86,0.97,0.85,0.88,1
2405,0.93,0.92,0.88,0.88,0.83,0.88,0.82,0.88,1
2406,0.93,0.96,0.92,0.94,0.86,0.93,0.86,0.88,1
2407,0.84,0.88,0.89,0.91,0.86,0.6,1.0,0.88,1
2408,0.23,0.03,0.14,0.15,0.21,-0.01,0.24,0.17,0
2409,0.93,1.0,0.93,0.95,0.9,0.98,0.92,0.88,1
2410,0.69,0.45,0.58,0.67,0.57,0.26,0.53,0.88,0
2411,0.93,1.03,0.93,0.94,0.9,0.88,0.95,0.88,1
2412,0.93,0.93,0.92,0.94,0.86,0.98,1.0,0.88,1
2413,0.7,0.81,0.83,0.85,0.79,0.78,0.86,0.88,1
2414,0.93,0.95,0.94,0.94,0.86,0.91,0.94,0.88,1
2415,0.69,0.49,0.46,0.46,0.57,0.31,0.33,0.54,0
2416,0.92,0.9,0.92,0.92,0.86,0.78,1.0,0.88,1
2417,0.93,0.93,0.92,0.94,0.92,0.94,1.0,0.88,1
2418,0.79,0.89,0.92,0.92,0.86,0.69,1.0,0.88,1
2419,0.69,0.6,0.51,0.51,0.67,0.32,0.81,0.54,0
2420,0.23,0.4,0.46,0.46,0.42,0.36,0.21,0.88,0
2421,0.55,0.52,0.39,0.35,0.39,0.26,0.32,0.54,0
2422,0.93,0.98,0.93,0.94,0.87,0.99,1.0,0.88,1
2423,0.93,1.07,0.94,0.96,0.86,1.05,1.0,0.88,1
2424,0.93,1.01,0.94,0.95,0.9,0.96,0.9,0.88,1
2425,0.23,0.09,0.17,0.15,0.21,-0.06,0.07,0.17,0
2426,0.23,0.33,0.36,0.36,0.42,0.28,0.05,0.17,0
2427,0.23,0.4,0.51,0.56,0.57,0.34,0.27,0.17,0
2428,0.69,0.85,0.91,0.92,0.86,0.91,1.0,0.88,1
2429,0.69,0.47,0.43,0.34,0.39,0.24,0.4,0.54,0
2430,0.75,0.86,0.9,0.9,0.86,0.8,0.92,0.88,1
2431,0.93,1.0,0.94,0.94,0.9,1.09,0.94,0.88,1
2432,0.93,0.9,0.93,0.91,0.86,0.89,1.0,0.88,1
2433,0.23,0.38,0.54,0.61,0.57,0.43,0.25,0.88,0
2434,0.93,1.0,0.94,0.95,0.9,0.99,0.92,0.88,1
2435,0.69,0.8,0.9,0.91,0.86,0.74,0.74,0.88,1
2436,0.69,0.79,0.83,0.79,0.63,0.77,0.8,0.88,1
2437,0.69,0.6,0.58,0.5,0.4,0.36,0.5,0.54,0
2438,0.93,0.97,0.92,0.94,0.86,1.09,0.91,0.88,1
2439,0.93,0.91,0.82,0.85,0.87,0.85,0.89,0.88,1
2440,0.69,0.59,0.65,0.7,0.62,0.5,0.62,0.88,0
2441,0.7,0.86,0.91,0.91,0.86,0.63,0.94,0.88,1
2442,0.69,0.64,0.78,0.76,0.67,0.45,0.62,0.88,0
2443,0.69,0.55,0.51,0.4,0.42,0.36,0.62,0.54,0
2444,0.93,1.02,0.85,0.9,0.88,1.15,0.93,0.88,1
2445,0.9,0.92,0.92,0.92,0.86,0.93,0.89,0.88,1
2446,0.93,0.99,0.93,0.93,0.86,0.91,0.94,0.88,1
2447,0.93,1.02,0.89,0.92,0.88,1.14,0.89,0.88,1
2448,0.93,1.11,0.94,0.95,0.9,1.11,0.93,0.88,1
2449,0.23,0.22,0.2,0.18,0.21,0.32,0.4,0.17,0
2450,0.93,0.99,0.94,0.95,0.87,1.11,0.93,0.88,1
2451,0.93,1.06,0.94,0.94,0.86,1.07,0.84,0.88,1
2452,0.93,1.06,0.93,0.94,0.86,1.18,0.82,0.88,1
2453,0.93,1.01,0.93,0.92,0.86,1.04,1.0,0.88,1
2454,0.93,1.0,0.86,0.9,0.87,1.24,1.0,0.88,1
2455,0.65,0.45,0.43,0.45,0.42,0.52,0.48,0.88,0
2456,0.67,0.37,0.38,0.38,0.42,0.37,0.17,0.17,0
2457,0.93,0.88,0.9,0.91,0.86,0.72,0.83,0.88,1
2458,0.93,1.04,0.94,0.95,0.87,1.22,0.85,0.88,1
2459,0.69,0.66,0.62,0.53,0.41,0.61,0.84,0.54,1
2460,0.23,0.33,0.54,0.62,0.21,0.49,0.18,0.88,0
2461,0.93,1.05,0.94,0.95,0.86,1.14,0.74,0.88,1
2462,0.69,0.62,0.81,0.77,0.63,0.58,0.57,0.88,1
2463,0.23,0.63,0.58,0.63,0.63,0.99,0.63,0.88,1
2464,0.93,0.88,0.92,0.91,0.86,1.02,1.0,0.88,1
2465,0.93,1.01,0.94,0.95,0.86,1.01,1.0,0.88,1
2466,0.24,0.51,0.52,0.53,0.47,0.78,0.54,0.88,0
2467,0.23,0.27,0.34,0.28,0.39,0.24,0.41,0.17,0
2468,0.23,-0.05,0.21,0.18,0.21,0.06,0.44,0.17,0
2469,0.69,0.71,0.79,0.76,0.74,0.78,0.73,0.88,1
2470,0.23,0.3,0.37,0.32,0.42,0.27,0.45,0.17,0
2471,0.23,0.24,0.31,0.24,0.39,0.13,0.35,0.17,0
2472,0.93,0.88,0.88,0.91,0.83,1.08,1.0,0.88,1
2473,0.69,0.44,0.48,0.49,0.57,0.28,0.5,0.54,0
2474,0.23,0.23,0.22,0.14,0.21,0.11,0.34,0.17,0
2475,0.23,0.33,0.27,0.23,0.39,0.18,0.42,0.17,0
2476,0.69,0.71,0.75,0.74,0.67,0.99,0.73,0.88,1
2477,0.93,0.88,0.91,0.92,0.86,1.0,1.0,0.88,1
2478,0.93,0.88,0.87,0.87,0.83,0.99,0.86,0.88,1
2479,0.69,0.58,0.67,0.52,0.43,0.52,0.66,0.88,0
2480,0.69,0.78,0.91,0.89,0.86,0.68,0.73,0.88,1
2481,0.93,0.89,0.84,0.86,0.81,0.85,0.88,0.88,1
2482,0.69,0.79,0.89,0.85,0.67,0.96,0.81,0.88,1
2483,0.93,0.89,0.92,0.93,0.86,1.06,0.75,0.88,1
2484,0.93,0.89,0.81,0.83,0.81,0.98,0.94,0.88,1
2485,0.93,0.97,0.92,0.95,0.86,1.19,1.0,0.88,1
2486,0.93,0.91,0.92,0.89,0.86,0.86,0.79,0.88,1
2487,0.93,0.93,0.92,0.92,0.86,1.14,0.91,0.88,1
2488,0.78,0.87,0.89,0.88,0.86,0.53,1.0,0.88,1
2489,0.9,0.87,0.92,0.9,0.86,0.94,0.69,0.88,1
2490,0.93,0.9,0.91,0.92,0.86,0.85,1.0,0.88,1
2491,0.23,0.24,0.35,0.36,0.21,0.36,0.27,0.88,0
2492,0.93,0.93,0.93,0.94,0.86,1.04,0.8,0.88,1
2493,0.69,0.76,0.78,0.79,0.63,0.77,1.0,0.88,1
2494,0.93,1.03,0.94,0.95,0.9,0.99,0.89,0.88,1
2495,0.93,0.98,0.93,0.92,0.86,0.99,1.0,0.88,1
2496,0.93,0.97,0.93,0.93,0.86,1.09,0.78,0.88,1
2497,0.69,0.5,0.57,0.56,0.63,0.44,0.75,0.54,0
2498,0.93,0.9,0.93,0.92,0.86,0.96,1.0,0.88,1
2499,0.69,0.54,0.49,0.45,0.35,0.08,0.79,0.54,0
2500,0.69,0.49,0.64,0.59,0.43,0.67,0.78,0.88,1
2501,0.93,0.95,0.93,0.94,0.86,1.13,0.93,0.88,1
2502,0.23,0.24,0.19,0.17,0.33,0.23,0.13,0.17,0
2503,0.92,0.87,0.92,0.91,0.86,1.1,1.0,0.88,1
2504,0.89,0.84,0.92,0.89,0.86,1.04,1.0,0.88,1
2505,0.69,0.71,0.82,0.78,0.67,0.8,0.86,0.88,1
2506,0.93,0.99,0.94,0.93,0.86,1.1,1.0,0.88,1
2507,0.93,0.92,0.94,0.94,0.86,1.09,1.0,0.88,1
2508,0.93,0.97,0.93,0.94,0.86,1.1,1.0,0.88,1
2509,0.23,0.14,0.23,0.2,0.33,0.27,0.2,0.06,0
2510,0.77,0.83,0.85,0.82,0.74,1.07,1.0,0.88,1
2511,0.93,0.95,0.85,0.87,0.82,1.23,0.93,0.88,1
2512,0.93,0.87,0.87,0.9,0.81,1.22,0.92,0.88,1
2513,0.93,0.98,0.94,0.94,0.86,1.14,1.0,0.88,1
2514,0.93,0.99,0.93,0.95,0.86,1.14,1.0,0.88,1
2515,0.93,0.94,0.93,0.92,0.86,1.09,1.0,0.88,1
2516,0.93,0.92,0.88,0.9,0.82,1.28,0.93,0.88,1
2517,0.93,0.93,0.85,0.88,0.82,1.22,0.92,0.88,1
2518,0.93,0.86,0.88,0.89,0.78,1.15,1.0,0.88,1
2519,0.93,1.0,0.94,0.95,0.86,1.24,1.0,0.88,1
2520,0.87,0.61,0.76,0.81,0.74,1.04,0.73,0.86,1
2521,0.69,0.67,0.72,0.74,0.82,0.67,0.94,0.86,1
2522,0.93,0.8,0.83,0.85,0.81,1.29,0.92,0.88,0
2523,0.69,0.68,0.73,0.72,0.74,0.88,0.89,0.06,1
2524,0.23,0.41,0.35,0.38,0.33,0.95,0.31,0.48,0
2525,0.93,0.93,0.91,0.92,0.86,1.3,1.0,0.88,1
2526,0.23,-0.0,0.2,0.19,0.06,0.48,0.06,0.06,0
2527,0.93,1.01,0.92,0.92,0.86,1.14,0.94,0.88,1
2528,0.93,0.95,0.9,0.91,0.83,1.24,0.76,0.88,1
2529,0.93,0.92,0.93,0.94,0.86,1.2,0.93,0.88,1
2530,0.93,0.86,0.84,0.87,0.82,1.22,0.81,0.88,1
2531,0.93,1.04,0.93,0.92,0.86,1.28,0.93,0.88,1
2532,0.89,0.8,0.83,0.86,0.74,1.19,0.54,0.48,1
2533,0.93,0.92,0.9,0.91,0.83,1.25,0.87,0.88,1
2534,0.69,0.74,0.89,0.85,0.86,1.09,0.8,0.88,1
2535,0.23,0.4,0.29,0.3,0.33,0.79,0.25,0.06,0
2536,0.93,0.85,0.82,0.86,0.78,1.21,0.88,0.88,1
2537,0.93,1.02,0.94,0.95,0.86,1.27,0.92,0.88,1
2538,0.93,0.88,0.86,0.89,0.83,1.21,0.82,0.48,1
2539,0.93,0.81,0.88,0.88,0.86,0.96,0.66,0.67,1
2540,0.69,0.69,0.86,0.84,0.63,0.86,0.72,0.88,1
2541,0.93,0.85,0.85,0.88,0.81,1.21,0.84,0.88,1
2542,0.69,0.6,0.73,0.62,0.63,0.99,0.66,0.88,1
2543,0.92,0.8,0.81,0.85,0.74,1.23,0.8,0.48,1
2544,0.93,0.92,0.94,0.95,0.86,1.16,0.92,0.88,1
2545,0.93,0.95,0.94,0.94,0.86,1.22,1.0,0.88,1
2546,0.93,0.98,0.94,0.94,0.86,1.22,0.86,0.88,1
2547,0.93,1.01,0.94,0.95,0.86,1.31,0.94,0.88,1
2548,0.93,0.9,0.9,0.92,0.86,1.28,0.8,0.48,1
2549,0.93,1.06,0.94,0.95,0.86,1.27,1.0,0.88,1
2550,0.68,0.42,0.48,0.56,0.49,0.45,0.6,0.88,0
2551,0.69,0.63,0.77,0.71,0.63,0.69,0.87,0.88,1
2552,0.93,1.04,0.94,0.95,0.86,1.25,0.94,0.88,1
2553,0.93,1.09,0.94,0.95,0.86,1.33,1.0,0.88,1
2554,0.93,1.05,0.94,0.95,0.86,1.26,1.0,0.88,1
2555,0.93,1.01,0.94,0.95,0.86,0.82,1.0,0.88,1
2556,0.93,1.01,0.94,0.94,0.86,0.78,1.0,0.88,1
2557,0.23,0.64,0.66,0.64,0.74,0.14,0.86,0.54,1
2558,0.93,1.04,0.94,0.96,0.86,0.9,1.0,0.88,1
2559,0.93,1.04,0.92,0.92,0.86,0.85,0.94,0.88,1
2560,0.7,0.79,0.81,0.77,0.78,0.9,0.76,0.86,1
2561,0.69,0.73,0.82,0.83,0.78,0.81,0.95,0.86,0
2562,0.69,0.8,0.84,0.84,0.78,0.85,0.88,0.86,1
2563,0.93,1.01,0.92,0.94,0.86,0.96,1.0,0.88,1
2564,0.93,1.07,0.94,0.95,0.86,0.97,1.0,0.88,1
2565,0.93,0.88,0.84,0.84,0.78,0.91,1.0,0.86,1
2566,0.93,1.05,0.94,0.95,0.86,0.84,1.0,0.88,1
2567,0.93,0.95,0.89,0.92,0.83,0.88,0.95,0.88,1
2568,0.93,0.91,0.91,0.93,0.86,0.86,1.0,0.88,1
2569,0.73,0.86,0.87,0.89,0.83,0.87,0.96,0.88,1
2570,0.23,-0.28,0.18,0.13,0.06,-0.14,0.0,0.06,0
2571,0.23,0.05,0.13,0.07,0.33,-0.24,0.11,0.06,0
2572,0.93,0.86,0.83,0.85,0.78,0.9,1.0,0.86,1
2573,0.23,-0.34,0.09,0.06,0.06,-0.25,0.0,0.06,0
2574,0.23,-0.62,0.09,0.1,0.06,-0.24,0.0,0.06,0
2575,0.93,1.03,0.93,0.94,0.86,0.87,1.0,0.88,1
2576,0.93,1.0,0.93,0.95,0.86,0.92,1.0,0.88,1
2577,0.93,1.07,0.94,0.95,0.86,0.86,1.0,0.88,1
2578,0.69,0.66,0.58,0.64,0.33,0.51,0.71,0.88,1
2579,0.93,1.0,0.94,0.95,0.86,0.88,1.0,0.88,1
2580,0.69,0.87,0.91,0.87,0.86,0.47,0.86,0.88,1
2581,0.23,0.45,0.42,0.41,0.4,0.06,0.33,0.54,0
2582,0.69,0.77,0.88,0.88,0.7,0.78,0.69,0.88,1
2583,0.93,0.9,0.92,0.94,0.86,0.84,0.8,0.88,1
2584,0.69,0.69,0.71,0.64,0.67,0.66,0.64,0.88,1
2585,0.93,0.97,0.94,0.95,0.86,0.94,1.0,0.88,1
2586,0.93,1.03,0.94,0.94,0.86,0.92,1.0,0.88,1
2587,0.23,0.41,0.31,0.27,0.33,0.03,0.18,0.54,0
2588,0.93,1.02,0.9,0.92,0.84,0.77,1.0,0.88,1
2589,0.24,0.45,0.6,0.58,0.63,0.17,0.47,0.88,1
2590,0.7,0.87,0.92,0.91,0.86,0.85,0.81,0.88,1
2591,0.93,0.93,0.9,0.91,0.86,0.89,0.91,0.88,1
2592,0.72,0.88,0.91,0.92,0.86,0.77,0.85,0.88,1
2593,0.69,0.75,0.89,0.88,0.86,0.49,0.89,0.88,1
2594,0.93,1.06,0.93,0.93,0.86,0.95,0.93,0.88,1
2595,0.93,1.01,0.94,0.95,0.86,0.98,1.0,0.88,1
2596,0.69,0.68,0.77,0.78,0.39,0.71,0.87,0.86,1
2597,0.23,0.31,0.2,0.15,0.39,0.1,0.09,0.54,0
2598,0.93,0.93,0.94,0.94,0.86,0.93,1.0,0.88,1
2599,0.23,0.23,0.33,0.25,0.33,0.07,0.21,0.17,0
2600,0.82,0.88,0.93,0.95,0.86,0.86,0.95,0.88,1
2601,0.93,0.96,0.94,0.94,0.86,0.87,1.0,0.88,1
2602,0.9,0.81,0.82,0.84,0.87,0.79,0.8,0.67,1
2603,0.23,0.46,0.34,0.38,0.33,-0.17,0.42,0.54,0
2604,0.92,0.88,0.87,0.87,0.83,0.9,0.89,0.88,1
2605,0.93,1.07,0.94,0.95,0.86,0.97,1.0,0.88,1
2606,0.93,0.97,0.84,0.81,0.83,0.82,0.88,0.88,1
2607,0.93,1.09,0.94,0.95,0.86,0.98,1.0,0.88,1
2608,0.69,0.84,0.92,0.88,0.86,0.7,0.69,0.88,1
2609,0.93,0.97,0.94,0.95,0.86,0.93,1.0,0.88,1
2610,0.93,1.09,0.94,0.95,0.86,0.91,1.0,0.88,1
2611,0.69,0.64,0.75,0.7,0.63,0.19,0.57,0.88,1
2612,0.69,0.78,0.9,0.85,0.86,0.53,0.78,0.88,1
2613,0.69,0.51,0.52,0.48,0.63,-0.04,0.38,0.54,0
2614,0.69,0.88,0.92,0.89,0.86,0.64,0.94,0.88,1
2615,0.93,1.0,0.94,0.94,0.86,0.95,0.94,0.88,1
2616,0.93,0.98,0.94,0.94,0.86,0.83,0.94,0.88,1
2617,0.93,1.08,0.94,0.95,0.86,0.93,1.0,0.88,1
2618,0.93,1.07,0.94,0.95,0.86,0.83,1.0,0.88,1
2619,0.93,0.97,0.94,0.95,0.86,0.91,0.88,0.88,1
2620,0.73,0.88,0.92,0.91,0.86,0.82,0.85,0.88,1
2621,0.93,0.86,0.86,0.89,0.82,0.97,0.93,0.88,1
2622,0.93,1.05,0.93,0.94,0.86,0.93,0.94,0.88,1
2623,0.93,1.04,0.94,0.95,0.86,1.03,0.94,0.88,1
2624,0.93,1.02,0.94,0.94,0.86,0.91,0.88,0.88,1
2625,0.93,0.96,0.94,0.94,0.86,0.9,0.87,0.88,1
2626,0.69,0.58,0.63,0.6,0.57,0.23,0.49,0.88,1
2627,0.23,0.3,0.26,0.16,0.39,-0.01,0.36,0.54,0
2628,0.69,0.89,0.91,0.86,0.86,0.57,0.72,0.88,1
2629,0.69,0.73,0.79,0.79,0.74,0.35,0.92,0.88,1
2630,0.85,0.88,0.93,0.9,0.86,0.83,0.86,0.88,1
2631,0.93,0.99,0.93,0.95,0.86,0.9,0.84,0.88,1
2632,0.69,0.71,0.79,0.75,0.86,0.21,0.88,0.54,1
2633,0.93,1.0,0.93,0.95,0.86,0.8,0.87,0.88,1
2634,0.69,0.57,0.62,0.58,0.35,0.49,0.66,0.88,1
2635,0.93,1.05,0.95,0.96,0.86,0.87,1.0,0.88,1
2636,0.93,0.94,0.95,0.96,0.86,0.81,0.93,0.88,1
2637,0.93,0.98,0.93,0.94,0.86,0.85,1.0,0.88,1
2638,0.92,0.87,0.87,0.89,0.82,0.8,0.92,0.88,1
2639,0.25,0.58,0.66,0.61,0.43,0.44,0.68,0.88,1
2640,0.93,1.06,0.94,0.95,0.86,0.74,0.87,0.88,1
2641,0.93,1.02,0.93,0.95,0.86,0.97,0.94,0.88,1
2642,0.93,1.02,0.93,0.95,0.86,0.77,1.0,0.88,1
2643,0.7,0.92,0.94,0.93,0.86,0.77,0.93,0.88,1
2644,0.93,0.92,0.93,0.93,0.86,0.82,0.93,0.88,1
2645,0.93,0.93,0.91,0.92,0.86,0.69,1.0,0.88,1
2646,0.9,0.95,0.92,0.91,0.86,0.66,0.9,0.88,1
2647,0.93,1.02,0.94,0.94,0.86,0.91,0.91,0.88,1
2648,0.93,1.0,0.94,0.95,0.86,0.89,0.91,0.88,1
2649,0.93,0.98,0.94,0.93,0.86,0.86,1.0,0.88,1
2650,0.93,0.99,0.94,0.95,0.86,0.82,0.94,0.88,1
2651,0.71,0.86,0.91,0.89,0.86,0.69,1.0,0.88,1
2652,0.93,0.92,0.92,0.93,0.86,0.8,0.95,0.88,1
2653,0.69,0.77,0.91,0.9,0.79,0.52,0.94,0.88,1
2654,0.93,0.92,0.92,0.92,0.87,0.8,0.94,0.88,1
2655,0.93,0.93,0.83,0.86,0.82,0.8,1.0,0.88,1
2656,0.73,0.92,0.92,0.91,0.86,0.65,1.0,0.88,1
2657,0.93,1.0,0.87,0.9,0.87,1.08,0.9,0.88,1
2658,0.73,0.91,0.92,0.92,0.86,0.67,0.95,0.88,1
2659,0.93,1.01,0.94,0.94,0.9,0.83,1.0,0.88,1
2660,0.86,0.9,0.91,0.92,0.86,0.64,1.0,0.88,1
2661,0.93,1.01,0.93,0.95,0.86,0.83,0.83,0.88,1
2662,0.93,1.02,0.93,0.94,0.87,0.92,1.0,0.88,1
2663,0.71,0.87,0.92,0.92,0.86,0.74,0.94,0.88,1
2664,0.7,0.84,0.85,0.86,0.81,0.61,0.86,0.88,1
2665,0.92,0.88,0.8,0.83,0.81,0.75,1.0,0.88,1
2666,0.93,0.96,0.93,0.94,0.86,0.72,0.87,0.88,1
2667,0.87,0.91,0.83,0.86,0.74,0.91,1.0,0.88,1
2668,0.91,0.9,0.94,0.94,0.86,0.81,0.92,0.88,1
2669,0.73,0.89,0.93,0.92,0.86,0.79,0.94,0.88,1
2670,0.93,0.99,0.93,0.94,0.9,0.78,0.89,0.88,1
2671,0.93,1.0,0.94,0.94,0.9,0.79,0.94,0.88,1
2672,0.91,0.92,0.93,0.94,0.86,0.83,0.81,0.88,1
2673,0.92,0.92,0.93,0.94,0.86,0.84,0.95,0.88,1
2674,0.93,0.94,0.93,0.94,0.86,0.81,1.0,0.88,1
2675,0.69,0.68,0.7,0.65,0.49,0.64,0.81,0.88,1
2676,0.8,0.9,0.91,0.93,0.86,0.68,0.95,0.88,1
2677,0.91,0.95,0.93,0.94,0.86,0.73,0.89,0.88,1
2678,0.93,0.99,0.94,0.96,0.86,0.92,0.94,0.88,1
2679,0.69,0.58,0.66,0.61,0.63,0.26,1.0,0.54,0
2680,0.69,0.64,0.82,0.76,0.63,0.33,1.0,0.88,1
2681,0.93,1.0,0.94,0.95,0.86,0.87,1.0,0.88,1
2682,0.93,1.05,0.94,0.95,0.9,0.94,1.0,0.88,1
2683,0.69,0.86,0.91,0.91,0.86,0.66,0.94,0.88,1
2684,0.93,1.04,0.94,0.97,0.9,0.9,1.0,0.88,1
2685,0.69,0.84,0.91,0.94,0.86,0.71,0.94,0.88,1
2686,0.93,0.95,0.89,0.9,0.83,0.78,0.85,0.88,1
2687,0.93,0.94,0.92,0.94,0.86,0.85,1.0,0.88,1
2688,0.93,0.95,0.93,0.96,0.86,0.91,1.0,0.88,1
2689,0.93,0.96,0.92,0.93,0.86,0.8,1.0,0.88,1
2690,0.69,0.91,0.92,0.94,0.83,0.8,1.0,0.88,1
2691,0.69,0.75,0.83,0.87,0.86,0.37,1.0,0.88,1
2692,0.93,1.0,0.94,0.94,0.9,0.8,0.94,0.88,1
2693,0.71,0.87,0.92,0.93,0.86,0.84,0.94,0.88,1
2694,0.69,0.78,0.83,0.82,0.68,0.7,0.72,0.88,1
2695,0.93,1.05,0.93,0.97,0.86,0.95,0.94,0.88,1
2696,0.93,1.13,0.94,0.96,0.9,1.01,1.0,0.88,1
2697,0.69,0.84,0.83,0.84,0.79,0.45,0.84,0.88,1
2698,0.23,0.23,0.16,0.15,0.21,0.0,0.12,0.17,0
2699,0.23,0.21,0.3,0.29,0.21,0.06,0.06,0.17,0
2700,0.23,-0.01,0.12,0.14,0.21,-0.07,0.0,0.17,0
2701,0.75,0.89,0.89,0.91,0.83,0.88,0.94,0.88,1
2702,0.69,0.75,0.68,0.65,0.49,0.71,0.71,0.88,1
2703,0.93,1.06,0.94,0.95,0.9,1.04,1.0,0.88,1
2704,0.23,0.38,0.26,0.23,0.4,0.08,0.47,0.17,0
2705,0.23,0.03,0.14,0.15,0.21,-0.12,0.0,0.17,0
2706,0.93,1.0,0.92,0.93,0.86,0.89,1.0,0.88,1
2707,0.69,0.59,0.56,0.58,0.67,0.32,0.89,0.54,0
2708,0.8,0.89,0.89,0.87,0.86,0.62,1.0,0.88,1
2709,0.23,0.13,0.15,0.15,0.21,-0.05,0.05,0.17,0
2710,0.23,0.13,0.15,0.14,0.21,-0.08,0.32,0.17,0
2711,0.23,0.32,0.31,0.33,0.4,0.09,0.06,0.17,0
2712,0.35,0.39,0.56,0.66,0.63,0.21,0.18,0.88,0
2713,0.69,0.74,0.85,0.86,0.67,0.47,0.89,0.88,1
2714,0.69,0.83,0.71,0.69,0.87,0.28,0.87,0.54,1
2715,0.93,1.01,0.94,0.95,0.87,0.87,1.0,0.88,1
2716,0.23,0.2,0.18,0.15,0.21,-0.02,0.12,0.17,0
2717,0.69,0.87,0.91,0.92,0.86,0.69,0.88,0.88,1
2718,0.23,0.24,0.17,0.17,0.21,0.01,0.4,0.17,0
2719,0.69,0.77,0.84,0.82,0.79,0.52,0.92,0.88,1
2720,0.23,0.24,0.16,0.16,0.21,0.09,0.18,0.17,0
2721,0.93,1.03,0.92,0.92,0.9,0.88,0.87,0.88,1
2722,0.69,0.58,0.44,0.38,0.4,0.1,0.8,0.54,0
2723,0.93,1.05,0.93,0.96,0.9,0.89,1.0,0.88,1
2724,0.23,0.25,0.16,0.15,0.21,-0.04,0.25,0.17,0
2725,0.93,0.97,0.93,0.94,0.87,0.79,1.0,0.88,1
2726,0.69,0.38,0.32,0.24,0.39,0.05,0.4,0.54,0
2727,0.69,0.55,0.53,0.56,0.68,0.2,0.81,0.54,0
2728,0.69,0.7,0.82,0.81,0.67,0.36,0.73,0.88,1
2729,0.69,0.64,0.77,0.73,0.67,0.46,0.67,0.88,0
2730,0.65,0.47,0.39,0.32,0.39,0.16,0.49,0.54,0
2731,0.8,0.9,0.92,0.92,0.86,0.81,0.85,0.88,1
2732,0.69,0.8,0.87,0.87,0.86,0.44,1.0,0.88,1
2733,0.69,0.78,0.86,0.84,0.79,0.53,0.89,0.88,1
2734,0.93,1.05,0.94,0.97,0.9,0.96,1.0,0.88,1
2735,0.69,0.76,0.77,0.81,0.74,0.43,0.93,0.88,0
2736,0.93,0.99,0.93,0.95,0.86,0.94,1.0,0.88,1
2737,0.23,0.12,0.16,0.15,0.21,0.02,0.07,0.17,0
2738,0.7,0.86,0.79,0.83,0.87,0.38,1.0,0.54,1
2739,0.23,0.36,0.39,0.44,0.21,0.38,0.47,0.88,0
2740,0.56,0.38,0.34,0.31,0.33,0.21,0.32,0.17,0
2741,0.69,0.49,0.44,0.44,0.49,0.22,0.46,0.54,0
2742,0.23,0.35,0.3,0.29,0.39,0.11,0.43,0.17,0
2743,0.69,0.79,0.79,0.84,0.63,0.59,0.95,0.88,1
2744,0.69,0.8,0.89,0.9,0.67,0.56,0.79,0.88,1
2745,0.23,0.18,0.17,0.17,0.21,0.15,0.22,0.17,0
2746,0.69,0.44,0.34,0.26,0.39,0.15,0.5,0.54,0
2747,0.32,0.53,0.5,0.53,0.47,0.39,0.52,0.88,0
2748,0.69,0.6,0.64,0.6,0.67,0.2,0.61,0.54,0
2749,0.23,0.06,0.11,0.12,0.21,-0.04,0.13,0.17,0
2750,0.23,0.13,0.16,0.13,0.21,-0.15,0.28,0.17,0
2751,0.23,0.2,0.21,0.17,0.21,-0.03,0.38,0.17,0
2752,0.23,0.35,0.29,0.25,0.4,-0.01,0.48,0.17,0
2753,0.23,0.22,0.17,0.17,0.21,0.12,0.23,0.17,0
2754,0.23,0.3,0.21,0.17,0.21,0.17,0.18,0.17,0
2755,0.69,0.62,0.63,0.64,0.52,0.33,0.64,0.88,0
2756,0.69,0.58,0.6,0.56,0.49,0.37,0.51,0.88,0
2757,0.23,0.22,0.21,0.19,0.21,0.1,0.4,0.17,0
2758,0.69,0.85,0.9,0.93,0.86,0.64,0.85,0.88,1
2759,0.67,0.42,0.34,0.28,0.39,0.14,0.43,0.17,0
2760,0.69,0.62,0.53,0.47,0.4,0.22,0.7,0.54,0
2761,0.23,0.39,0.39,0.4,0.42,0.32,0.41,0.88,0
2762,0.69,0.83,0.91,0.91,0.86,0.52,0.87,0.88,1
2763,0.23,0.1,0.14,0.15,0.21,-0.02,0.21,0.17,0
2764,0.23,0.29,0.22,0.18,0.21,0.1,0.4,0.17,0
2765,0.69,0.82,0.91,0.91,0.86,0.49,1.0,0.88,1
2766,0.93,0.93,0.92,0.93,0.86,0.69,1.0,0.88,1
2767,0.69,0.46,0.36,0.29,0.39,0.21,0.62,0.54,0
2768,0.23,0.17,0.26,0.25,0.21,0.3,0.36,0.17,0
2769,0.93,1.04,0.94,0.95,0.9,1.07,1.0,0.88,1
2770,0.69,0.84,0.91,0.92,0.86,0.52,0.95,0.88,1
2771,0.93,0.97,0.91,0.92,0.92,0.81,0.95,0.88,1
2772,0.69,0.65,0.82,0.79,0.67,0.56,0.8,0.88,1
2773,0.23,0.13,0.19,0.18,0.21,0.06,0.18,0.17,0
2774,0.67,0.46,0.35,0.32,0.39,0.16,0.31,0.54,0
2775,0.93,1.01,0.93,0.93,0.9,0.88,0.94,0.88,1
2776,0.69,0.39,0.36,0.42,0.49,0.25,0.67,0.17,0
2777,0.93,1.01,0.91,0.93,0.86,0.89,0.86,0.88,1
2778,0.69,0.71,0.81,0.81,0.74,0.42,0.83,0.88,0
2779,0.93,0.98,0.93,0.95,0.86,1.02,1.0,0.88,1
2780,0.93,1.0,0.94,0.94,0.86,1.03,1.0,0.88,1
2781,0.69,0.67,0.82,0.77,0.63,0.47,0.73,0.88,1
2782,0.93,1.06,0.94,0.96,0.86,1.0,0.86,0.88,1
2783,0.69,0.56,0.53,0.56,0.57,0.34,0.74,0.54,0
2784,0.93,1.02,0.94,0.96,0.86,1.08,1.0,0.88,1
2785,0.93,0.99,0.94,0.94,0.86,0.95,0.88,0.88,1
2786,0.93,0.95,0.92,0.94,0.87,0.98,1.0,0.88,1
2787,0.93,0.89,0.93,0.93,0.86,0.91,0.96,0.88,1
2788,0.85,0.89,0.88,0.92,0.83,1.0,0.94,0.88,1
2789,0.69,0.82,0.88,0.89,0.86,0.51,0.86,0.88,1
2790,0.93,1.02,0.94,0.96,0.86,0.98,1.0,0.88,1
2791,0.69,0.57,0.63,0.6,0.49,0.52,0.66,0.88,0
2792,0.93,1.01,0.92,0.93,0.9,0.9,0.81,0.88,1
2793,0.93,1.09,0.94,0.96,0.9,1.04,1.0,0.88,1
2794,0.69,0.47,0.44,0.45,0.42,0.43,0.53,0.88,0
2795,0.62,0.47,0.49,0.54,0.57,0.27,0.17,0.17,0
2796,0.23,0.52,0.63,0.68,0.62,0.49,0.27,0.88,0
2797,0.93,1.06,0.94,0.96,0.9,1.12,0.9,0.88,1
2798,0.65,0.57,0.57,0.61,0.62,0.84,0.81,0.88,0
2799,0.93,1.03,0.93,0.95,0.9,1.06,1.0,0.88,1
2800,0.69,0.75,0.84,0.79,0.68,0.88,0.6,0.88,1
2801,0.68,0.44,0.5,0.52,0.42,0.41,0.25,0.88,0
2802,0.92,0.94,0.91,0.92,0.86,0.91,0.95,0.88,1
2803,0.69,0.87,0.9,0.93,0.86,0.67,0.94,0.88,1
2804,0.93,0.97,0.92,0.93,0.87,0.87,0.9,0.88,1
2805,0.93,0.98,0.91,0.93,0.87,0.92,0.84,0.88,1
2806,0.69,0.49,0.41,0.44,0.49,0.25,0.35,0.54,0
2807,0.23,0.37,0.3,0.27,0.39,0.19,0.24,0.17,0
2808,0.93,0.97,0.91,0.91,0.92,0.87,0.87,0.88,1
2809,0.93,1.01,0.94,0.96,0.86,1.13,0.89,0.88,1
2810,0.23,0.25,0.28,0.23,0.39,0.12,0.3,0.17,0
2811,0.93,1.09,0.94,0.96,0.9,1.11,1.0,0.88,1
2812,0.93,1.04,0.92,0.95,0.87,1.01,1.0,0.88,1
2813,0.93,1.06,0.94,0.96,0.9,1.12,0.9,0.88,1
2814,0.93,1.1,0.94,0.96,0.9,1.1,1.0,0.88,1
2815,0.69,0.54,0.52,0.51,0.47,0.78,0.55,0.88,0
2816,0.65,0.61,0.58,0.61,0.62,0.53,0.69,0.88,0
2817,0.23,0.25,0.29,0.22,0.39,0.17,0.16,0.17,0
2818,0.23,0.32,0.39,0.4,0.42,0.32,0.25,0.17,0
2819,0.69,0.71,0.81,0.76,0.63,0.73,0.88,0.88,1
2820,0.23,0.39,0.37,0.37,0.42,0.3,0.46,0.17,0
2821,0.93,0.95,0.92,0.93,0.86,0.96,0.94,0.88,1
2822,0.23,0.3,0.27,0.23,0.21,0.32,0.4,0.17,0
2823,0.93,1.08,0.94,0.96,0.86,1.18,0.95,0.88,1
2824,0.93,1.07,0.93,0.95,0.86,1.15,1.0,0.88,1
2825,0.69,0.66,0.79,0.75,0.63,0.65,0.93,0.88,1
2826,0.23,0.23,0.27,0.31,0.21,0.37,0.27,0.17,0
2827,0.93,0.99,0.93,0.94,0.86,0.99,0.93,0.88,1
2828,0.23,0.34,0.32,0.29,0.39,0.22,0.21,0.17,0
2829,0.93,1.03,0.94,0.95,0.87,1.1,0.94,0.88,1
2830,0.23,0.06,0.31,0.33,0.21,0.2,0.3,0.88,0
2831,0.93,0.89,0.92,0.94,0.86,0.96,0.74,0.88,1
2832,0.7,0.84,0.9,0.9,0.86,0.84,0.93,0.88,1
2833,0.69,0.58,0.69,0.67,0.63,0.71,0.42,0.88,1
2834,0.23,0.36,0.33,0.3,0.4,0.18,0.29,0.17,0
2835,0.93,0.87,0.91,0.91,0.86,0.87,1.0,0.88,1
2836,0.57,0.41,0.44,0.43,0.42,0.5,0.41,0.88,0
2837,0.93,0.91,0.92,0.92,0.86,1.08,1.0,0.88,1
2838,0.92,0.91,0.91,0.92,0.86,0.92,0.88,0.88,1
2839,0.83,0.82,0.9,0.87,0.86,0.91,1.0,0.88,1
2840,0.23,-0.14,0.24,0.23,0.21,0.23,0.44,0.17,0
2841,0.23,0.35,0.43,0.43,0.43,0.62,0.5,0.88,0
2842,0.69,0.63,0.64,0.61,0.49,0.76,0.64,0.88,1
2843,0.93,0.86,0.9,0.91,0.86,0.92,0.86,0.88,1
2844,0.69,0.57,0.53,0.49,0.43,0.77,0.65,0.88,1
2845,0.93,0.98,0.93,0.94,0.86,1.12,1.0,0.88,1
2846,0.93,0.9,0.92,0.91,0.86,0.9,0.89,0.88,1
2847,0.69,0.78,0.79,0.79,0.86,0.53,1.0,0.54,1
2848,0.93,0.95,0.92,0.93,0.86,1.12,0.94,0.88,1
2849,0.93,0.83,0.81,0.82,0.82,0.83,0.78,0.88,1
2850,0.69,0.83,0.9,0.87,0.86,0.68,0.87,0.88,1
2851,0.93,0.96,0.93,0.94,0.86,1.06,0.73,0.88,1
2852,0.93,0.92,0.92,0.89,0.86,0.84,0.76,0.88,1
2853,0.93,1.03,0.94,0.95,0.86,1.19,0.87,0.88,1
2854,0.93,1.01,0.94,0.95,0.86,1.18,0.95,0.88,1
2855,0.93,0.96,0.93,0.94,0.86,1.15,0.94,0.88,1
2856,0.93,0.96,0.93,0.92,0.86,0.93,0.86,0.88,1
2857,0.93,0.98,0.93,0.92,0.86,1.03,0.94,0.88,1
2858,0.75,0.83,0.89,0.88,0.67,1.18,0.87,0.88,1
2859,0.93,0.97,0.92,0.94,0.86,1.11,1.0,0.88,1
2860,0.69,0.66,0.82,0.77,0.63,0.67,0.82,0.88,1
2861,0.93,0.94,0.93,0.93,0.86,1.12,0.94,0.88,1
2862,0.93,0.92,0.93,0.92,0.86,0.98,0.87,0.88,1
2863,0.93,0.92,0.93,0.92,0.86,0.97,0.94,0.88,1
2864,0.93,0.91,0.91,0.93,0.86,1.19,0.83,0.88,1
2865,0.69,0.74,0.8,0.79,0.74,0.85,0.81,0.88,1
2866,0.93,0.98,0.94,0.94,0.86,1.11,1.0,0.88,1
2867,0.93,0.91,0.93,0.92,0.86,0.98,1.0,0.88,1
2868,0.93,0.87,0.87,0.9,0.84,1.07,0.94,0.88,1
2869,0.23,0.32,0.46,0.46,0.42,0.58,0.48,0.88,0
2870,0.23,0.3,0.43,0.39,0.42,0.38,0.33,0.88,0
2871,0.93,0.96,0.93,0.93,0.86,1.21,1.0,0.88,1
2872,0.93,1.03,0.94,0.95,0.86,1.2,0.95,0.88,1
2873,0.93,0.92,0.92,0.9,0.86,1.13,1.0,0.88,1
2874,0.93,0.99,0.89,0.91,0.83,1.27,1.0,0.88,1
2875,0.93,0.93,0.92,0.92,0.86,1.27,0.94,0.88,1
2876,0.23,0.33,0.41,0.36,0.42,0.54,0.44,0.17,0
2877,0.93,1.02,0.94,0.94,0.86,1.19,1.0,0.88,1
2878,0.93,0.94,0.91,0.89,0.86,0.91,1.0,0.88,1
2879,0.93,0.94,0.9,0.91,0.83,1.29,0.88,0.88,1
2880,0.74,0.84,0.92,0.88,0.72,1.14,1.0,0.88,1
2881,0.93,1.02,0.94,0.95,0.86,1.25,1.0,0.88,1
2882,0.93,0.98,0.93,0.91,0.86,0.89,0.93,0.88,1
2883,0.93,0.93,0.93,0.94,0.86,1.16,1.0,0.88,1
2884,0.69,0.53,0.52,0.52,0.33,0.75,0.65,0.88,1
2885,0.93,0.95,0.88,0.88,0.83,1.26,0.83,0.88,1
2886,0.93,0.88,0.83,0.86,0.78,1.27,0.93,0.88,1
2887,0.69,0.7,0.77,0.74,0.74,0.86,0.64,0.88,1
2888,0.93,1.01,0.94,0.94,0.86,1.26,0.95,0.88,1
2889,0.23,0.16,0.2,0.16,0.33,0.3,0.11,0.06,0
2890,0.93,0.77,0.81,0.79,0.78,1.21,0.81,0.86,1
2891,0.93,0.98,0.92,0.93,0.86,1.15,0.94,0.88,1
2892,0.69,0.78,0.85,0.85,0.74,1.21,0.6,0.88,1
2893,0.23,0.22,0.2,0.18,0.33,0.32,0.05,0.17,0
2894,0.23,0.23,0.22,0.23,0.33,0.44,0.05,0.17,0
2895,0.69,0.65,0.77,0.76,0.63,0.95,0.59,0.48,1
2896,0.8,0.81,0.89,0.88,0.86,1.05,0.48,0.88,1
2897,0.23,0.14,0.14,0.1,0.33,0.36,0.06,0.06,0
2898,0.23,-0.21,0.15,0.07,0.06,0.02,0.0,0.06,0
2899,0.93,0.82,0.81,0.84,0.82,1.1,0.72,0.88,1
2900,0.23,0.19,0.17,0.15,0.33,0.31,0.19,0.17,0
2901,0.93,0.9,0.92,0.92,0.86,1.15,0.89,0.88,1
2902,0.23,0.22,0.26,0.17,0.13,0.28,0.34,0.17,0
2903,0.69,0.59,0.58,0.57,0.43,0.72,0.54,0.88,1
2904,0.93,1.0,0.94,0.94,0.86,1.2,0.88,0.88,1
2905,0.93,0.93,0.92,0.94,0.86,1.27,0.81,0.88,1
2906,0.7,0.76,0.83,0.82,0.67,1.19,0.78,0.88,1
2907,0.93,0.97,0.92,0.94,0.86,1.13,0.82,0.88,1
2908,0.93,0.97,0.93,0.94,0.86,1.2,0.82,0.88,1
2909,0.93,0.83,0.86,0.85,0.83,1.05,0.89,0.88,1
2910,0.69,0.76,0.76,0.78,0.57,0.94,0.74,0.88,1
2911,0.93,0.91,0.85,0.89,0.82,1.23,0.83,0.88,1
2912,0.93,0.9,0.94,0.95,0.86,1.15,0.85,0.88,1
2913,0.93,0.97,0.94,0.95,0.86,1.24,0.94,0.88,1
2914,0.93,1.06,0.94,0.95,0.86,1.27,1.0,0.88,1
2915,0.93,1.01,0.93,0.91,0.86,1.24,0.95,0.88,1
2916,0.71,0.85,0.87,0.84,0.74,0.94,0.81,0.88,1
2917,0.93,1.03,0.93,0.92,0.86,1.23,0.95,0.88,1
2918,0.93,1.09,0.94,0.95,0.86,1.32,1.0,0.88,1
2919,0.93,0.92,0.88,0.89,0.83,1.19,1.0,0.88,1
